OP_UNIQUE_CARRIER,ORIGIN_AIRPORT,DEST_AIRPORT,CARRIER_TYPE,ROUTE_TYPE,ORIGIN_TIER,CATE_T1,DOWNSTREAM_SPILLOVER,RECOVERY_WINDOW,ROUTE_30DAY_DISR_RATE,TOPSIS_SCORE,TOPSIS_RANK,NEXT_DISRUPTED,RANK_LONGEST_DELAY,RANK_EARLIEST_DEP,RANK_SPILLOVER,RANK_CATE_ONLY,RANK_RANDOM
MQ,CWA,ORD,Regional,Hub-to-Spoke,Small,0.5043875,1,800,0.3333333333333333,1.0,1,0.0,2,1,1,1,2
9E,VLD,ATL,Regional,Hub-to-Spoke,Small,0.5148337,2,765,0.3333333333333333,1.0,1,0.0,1,1,1,1,2
YV,PIA,DFW,Regional,Hub-to-Spoke,Small,0.5238611,0,202,0.5166666666666667,1.0,1,0.0,1,1,3,1,1
OH,DAY,CLT,Regional,Hub-to-Spoke,Small,0.5118577,4,746,0.0994444444444444,1.0,1,0.0,3,1,1,1,1
G4,FNT,PGD,ULCC,Spoke-to-Spoke,Small,0.5245041,1,375,0.6666666666666666,1.0,1,0.0,1,1,1,1,2
MQ,GRK,DFW,Regional,Hub-to-Spoke,Small,0.6405214,5,524,0.1812698412698412,1.0,1,0.0,2,1,1,1,2
OO,COS,DEN,Regional,Hub-to-Spoke,Small,0.102875866,3,780,0.3134259259259259,1.0,1,1.0,5,1,1,1,5
OO,FSD,ORD,Regional,Hub-to-Spoke,Small,0.51809657,2,676,0.2916666666666667,1.0,1,0.0,2,1,1,1,1
DL,LIT,ATL,Mainline,Hub-to-Hub,Medium,0.45505187,4,811,0.1879365079365079,1.0,1,0.0,3,1,1,1,1
OO,ACV,SFO,Regional,Hub-to-Spoke,Small,0.5694824,2,780,0.3833333333333333,1.0,1,1.0,2,1,1,1,2
OO,EUG,SFO,Regional,Hub-to-Spoke,Small,0.5745297,2,504,0.3916666666666666,1.0,1,0.0,1,1,1,1,3
OO,EGE,ORD,Regional,Hub-to-Spoke,Small,0.5735384,0,497,0.6055555555555555,1.0,1,1.0,2,1,2,1,2
OO,PSC,SEA,Regional,Hub-to-Spoke,Small,0.61017466,1,453,0.4328042328042328,1.0,1,0.0,3,1,1,1,3
AS,JNU,SEA,Mainline,Hub-to-Spoke,Small,0.45511746,2,810,0.4055555555555555,1.0,1,0.0,3,1,2,1,2
WN,BZN,DEN,LCC,Hub-to-Spoke,Small,0.5335236,2,440,0.344047619047619,1.0,1,0.0,1,1,1,1,3
OO,DRO,DEN,Regional,Hub-to-Spoke,Small,0.502752,3,810,0.3355555555555555,1.0,1,1.0,2,1,1,1,3
MQ,SPS,DFW,Regional,Hub-to-Spoke,Small,0.69400865,2,540,0.1416666666666666,1.0,1,0.0,2,1,1,1,2
MQ,GRK,DFW,Regional,Hub-to-Spoke,Small,0.6769187,3,264,0.1171428571428571,1.0,1,0.0,2,1,1,1,3
MQ,CLL,DFW,Regional,Hub-to-Spoke,Small,0.7046351,2,512,0.0388888888888888,1.0,1,1.0,2,1,1,1,3
MQ,CMI,ORD,Regional,Hub-to-Spoke,Small,0.53704304,2,780,0.1333333333333333,1.0,1,1.0,1,1,1,1,5
MQ,FSM,DFW,Regional,Hub-to-Spoke,Small,0.56886584,2,517,0.0849999999999999,1.0,1,1.0,3,1,1,1,3
OH,CRW,CLT,Regional,Hub-to-Spoke,Small,0.63523555,2,263,0.2888888888888889,1.0,1,1.0,1,1,1,1,2
OO,GRB,ORD,Regional,Hub-to-Spoke,Small,0.48114502,2,780,0.1277777777777777,1.0,1,0.0,2,1,1,1,3
HA,ITO,HNL,Mainline,Hub-to-Spoke,Small,0.6891335,2,230,0.0849832112332112,1.0,1,0.0,1,1,1,1,1
F9,TTN,MCO,ULCC,Hub-to-Spoke,Small,0.5015686,1,680,0.35,1.0,1,1.0,6,1,2,1,1
OH,EWN,CLT,Regional,Hub-to-Spoke,Small,0.5088008,3,735,0.2266666666666666,1.0,1,0.0,1,1,1,1,1
AA,SAT,DFW,Mainline,Hub-to-Hub,Medium,0.65791774,3,386,0.1773148148148148,1.0,1,1.0,2,1,1,1,4
OO,ASE,DFW,Regional,Hub-to-Spoke,Small,0.49659666,1,277,0.3861111111111111,1.0,1,0.0,3,1,1,1,2
OO,GFK,MSP,Regional,Hub-to-Spoke,Small,0.46160066,2,479,0.2305555555555555,1.0,1,0.0,1,1,1,1,2
QX,PAE,PDX,Regional,Hub-to-Spoke,NonHub,0.44317946,1,720,0.2666666666666666,1.0,1,0.0,1,2,2,1,3
OO,COS,DEN,Regional,Hub-to-Spoke,Small,0.63179976,0,207,0.1773148148148148,1.0,1,0.0,1,1,2,1,4
OO,GFK,MSP,Regional,Hub-to-Spoke,Small,0.5544609,3,805,0.2388888888888888,1.0,1,1.0,4,1,1,1,4
WN,HDN,DEN,LCC,Hub-to-Spoke,Small,0.5921785,2,495,0.1666666666666666,1.0,1,1.0,4,1,1,1,1
UA,BOI,DEN,Mainline,Hub-to-Hub,Medium,0.5851691,0,270,0.1422222222222222,1.0,1,1.0,2,1,2,1,1
WN,LGB,OAK,LCC,Hub-to-Hub,Medium,0.68177915,3,370,0.1066666666666666,1.0,1,0.0,1,1,1,1,1
WN,ITO,HNL,LCC,Hub-to-Spoke,Small,0.60902095,2,535,0.0739316239316239,1.0,1,0.0,1,1,1,1,4
AA,TUS,DFW,Mainline,Hub-to-Hub,Medium,0.4535312,2,380,0.24,1.0,1,0.0,2,1,1,1,2
MQ,GRK,DFW,Regional,Hub-to-Spoke,Small,0.6873208,5,520,0.190515873015873,1.0,1,1.0,2,1,1,1,1
F9,SWF,FLL,ULCC,Hub-to-Spoke,Small,0.5424179,0,532,0.5333333333333333,1.0,1,1.0,2,1,2,1,3
OO,FAT,PHX,Regional,Hub-to-Spoke,Small,0.5828729,1,398,0.1072222222222222,1.0,1,0.0,1,1,2,1,2
OH,AGS,CLT,Regional,Hub-to-Spoke,Small,0.5448316,1,735,0.15,1.0,1,1.0,1,1,1,1,3
HA,KOA,HNL,Mainline,Hub-to-Hub,Medium,0.49665445,3,165,0.1005038126361655,1.0,1,1.0,1,1,1,1,2
MQ,ABI,DFW,Regional,Hub-to-Spoke,Small,0.5790871,4,748,0.1516666666666667,1.0,1,1.0,2,1,1,1,1
MQ,ABI,DFW,Regional,Hub-to-Spoke,Small,0.5367755,4,822,0.185,1.0,1,1.0,3,1,1,1,1
OO,BRO,DFW,Regional,Hub-to-Spoke,Small,0.5494185,2,780,0.2444444444444444,1.0,1,1.0,2,1,1,1,3
OO,MHK,DFW,Regional,Hub-to-Spoke,Small,0.43330303,1,806,0.2277777777777777,1.0,1,1.0,2,1,1,1,1
OO,TUL,IAH,Regional,Hub-to-Hub,Medium,0.51642203,0,570,0.2166666666666666,1.0,1,1.0,3,1,3,1,3
QX,BLI,SEA,Regional,Hub-to-Spoke,Small,0.5644445,2,780,0.1644444444444444,1.0,1,1.0,2,1,1,1,4
F9,SWF,FLL,ULCC,Hub-to-Spoke,Small,0.56203246,0,532,0.5666666666666667,1.0,1,1.0,2,1,1,1,1
OO,MOT,MSP,Regional,Hub-to-Spoke,Small,0.4955457,3,840,0.2805555555555556,1.0,1,1.0,2,1,1,1,2
NK,CAK,MCO,ULCC,Hub-to-Spoke,Small,0.5309515,0,450,0.3666666666666666,1.0,1,1.0,3,1,3,1,1
OH,DAB,CLT,Regional,Hub-to-Spoke,Small,0.7228767,3,417,0.08,1.0,1,1.0,1,1,1,1,2
OO,JAC,DEN,Regional,Hub-to-Spoke,Small,0.4577375,1,480,0.3072222222222222,1.0,1,0.0,3,1,1,1,1
OO,DRO,DEN,Regional,Hub-to-Spoke,Small,0.6181057,1,211,0.2711111111111111,1.0,1,1.0,3,1,1,1,1
OO,ACV,SFO,Regional,Hub-to-Spoke,Small,0.46389535,2,772,0.2555555555555556,1.0,1,1.0,1,1,1,1,4
9E,DLH,MSP,Regional,Hub-to-Spoke,Small,0.6068482,2,490,0.2216666666666666,1.0,1,1.0,2,1,1,1,3
NK,BQN,MCO,ULCC,Hub-to-Spoke,Small,0.4561858,0,1021,0.4555555555555555,1.0,1,1.0,4,1,3,1,1
9E,MGM,ATL,Regional,Hub-to-Spoke,Small,0.52703255,3,731,0.1111111111111111,1.0,1,1.0,3,1,1,1,3
F9,TTN,MCO,ULCC,Hub-to-Spoke,Small,0.5558956,1,144,0.4777777777777778,1.0,1,1.0,1,1,1,1,1
9E,CRW,ATL,Regional,Hub-to-Spoke,Small,0.6779082,1,403,0.1833333333333333,1.0,1,1.0,3,1,1,1,2
MQ,ABI,DFW,Regional,Hub-to-Spoke,Small,0.566214,4,811,0.1483333333333333,1.0,1,0.0,2,1,1,1,2
AA,EGE,DFW,Mainline,Hub-to-Spoke,Small,0.5752026,2,505,0.2888888888888889,1.0,1,1.0,3,1,1,1,5
OO,CLL,DFW,Regional,Hub-to-Spoke,Small,0.6545011,2,515,0.1544444444444444,1.0,1,0.0,3,1,1,1,2
B6,HPN,PBI,LCC,Hub-to-Spoke,Small,0.609384,2,450,0.4666666666666667,1.0,1,1.0,4,1,1,1,1
QX,FAI,ANC,Regional,Hub-to-Spoke,Small,0.5225628,4,735,0.0981481481481481,1.0,1,1.0,1,1,1,1,2
F9,SWF,FLL,ULCC,Hub-to-Spoke,Small,0.4604443,0,489,0.7,1.0,1,1.0,1,1,1,1,2
OO,SBA,SFO,Regional,Hub-to-Spoke,Small,0.5567135,2,750,0.2305555555555555,1.0,1,0.0,2,1,1,1,2
WN,ITO,HNL,LCC,Hub-to-Spoke,Small,0.6318904,2,540,0.1599155011655011,1.0,1,0.0,3,1,1,1,2
YX,HHH,ATL,Regional,Hub-to-Spoke,Small,0.6329087,1,354,0.3333333333333333,1.0,1,1.0,2,1,1,1,2
9E,FWA,ATL,Regional,Hub-to-Spoke,Small,0.39332908,2,780,0.1555555555555555,1.0,1,0.0,3,1,1,1,3
HA,ITO,HNL,Mainline,Hub-to-Spoke,Small,0.50802565,4,264,0.1560518648018648,1.0,1,0.0,4,1,1,1,3
WN,HRL,HOU,LCC,Hub-to-Spoke,Small,0.5023523,2,540,0.2972222222222222,1.0,1,0.0,6,1,1,1,2
DL,MLB,ATL,Mainline,Hub-to-Spoke,Small,0.5822075,2,455,0.2166666666666666,1.0,1,1.0,3,1,1,1,2
NK,BQN,MCO,ULCC,Hub-to-Spoke,Small,0.5859107,0,1021,0.5277777777777778,1.0,1,0.0,1,1,3,1,2
OO,LFT,DFW,Regional,Hub-to-Spoke,Small,0.6261279,3,507,0.2388888888888889,1.0,1,1.0,3,1,1,1,1
DL,CHA,ATL,Mainline,Hub-to-Spoke,Small,0.5907641,0,425,0.1495238095238095,1.0,1,0.0,1,1,2,1,3
YX,CHO,LGA,Regional,Hub-to-Spoke,Small,0.60007733,1,271,0.2883333333333333,1.0,1,0.0,3,1,1,1,1
F9,ISP,MCO,ULCC,Hub-to-Spoke,Small,0.45998767,1,780,0.4455555555555556,1.0,1,1.0,1,1,2,1,2
MQ,ABI,DFW,Regional,Hub-to-Spoke,Small,0.59892136,2,510,0.1555555555555555,1.0,1,0.0,2,1,1,1,2
OO,BTR,DFW,Regional,Hub-to-Spoke,Small,0.7054144,1,398,0.1922222222222222,1.0,1,0.0,3,1,1,1,2
MQ,STS,DFW,Regional,Hub-to-Spoke,Small,0.6250828,0,300,0.2666666666666666,1.0,1,1.0,2,1,1,1,3
OO,EUG,SFO,Regional,Hub-to-Spoke,Small,0.6582175,1,308,0.2222222222222222,1.0,1,0.0,2,1,1,1,3
OO,BZN,DEN,Regional,Hub-to-Spoke,Small,0.66121894,0,175,0.1939682539682539,1.0,1,0.0,1,1,1,1,1
MQ,GRK,DFW,Regional,Hub-to-Spoke,Small,0.69949883,1,377,0.1488888888888889,1.0,1,1.0,1,1,1,1,1
MQ,MHK,DFW,Regional,Hub-to-Spoke,Small,0.6384482,0,450,0.1222222222222222,1.0,1,1.0,1,1,2,1,2
OO,MLU,DFW,Regional,Hub-to-Spoke,Small,0.5864279,1,770,0.2055555555555555,1.0,1,1.0,3,1,1,1,3
OO,BRO,DFW,Regional,Hub-to-Spoke,Small,0.6502255,2,477,0.0694444444444444,1.0,1,0.0,1,1,1,1,3
OO,MQT,DTW,Regional,Hub-to-Spoke,Small,0.50041586,1,760,0.25,1.0,1,1.0,1,1,2,1,1
OO,BZN,SLC,Regional,Hub-to-Spoke,Small,0.71413696,1,430,0.0833333333333333,1.0,1,0.0,2,1,1,1,2
OO,TUL,DEN,Regional,Hub-to-Hub,Medium,0.6337342,0,119,0.2072222222222222,1.0,1,0.0,1,1,3,1,2
OH,DAB,CLT,Regional,Hub-to-Spoke,Small,0.48911327,2,492,0.155,1.0,1,0.0,3,1,1,1,2
OO,MOB,DFW,Regional,Hub-to-Spoke,Small,0.5541496,2,795,0.3916666666666666,1.0,1,1.0,2,1,1,1,3
QX,ANC,FAI,Regional,Hub-to-Spoke,Medium,0.62902045,0,0,0.2402777777777777,1.0,1,1.0,1,1,3,1,1
AS,ANC,SEA,Mainline,Hub-to-Hub,Medium,0.4786862,2,100,0.161360509115927,1.0,1,0.0,1,1,1,1,3
WN,KOA,HNL,LCC,Hub-to-Hub,Medium,0.43624714,2,530,0.1579462545252019,1.0,1,1.0,2,1,1,1,5
MQ,GRK,DFW,Regional,Hub-to-Spoke,Small,0.61839056,1,377,0.1398412698412698,1.0,1,1.0,3,1,1,1,1
MQ,FSM,DFW,Regional,Hub-to-Spoke,Small,0.75469345,2,439,0.1266666666666666,1.0,1,0.0,3,1,1,1,1
B6,STT,SJU,LCC,Hub-to-Spoke,Small,0.5366517,1,450,0.425,1.0,1,0.0,2,1,1,1,2
OO,BRO,DFW,Regional,Hub-to-Spoke,Small,0.5712939,3,780,0.1638888888888888,1.0,1,0.0,1,1,1,1,3
YV,MAF,DFW,Regional,Hub-to-Spoke,Small,0.657354,3,392,0.1038095238095238,1.0,1,0.0,3,1,1,1,1
QX,FAI,ANC,Regional,Hub-to-Spoke,Small,0.6222542,5,735,0.153042328042328,1.0,1,0.0,1,1,1,1,4
MQ,CLL,DFW,Regional,Hub-to-Spoke,Small,0.75610644,1,516,0.175,1.0,1,1.0,2,1,1,1,2
OO,MOB,DFW,Regional,Hub-to-Spoke,Small,0.5734979,1,308,0.3833333333333333,1.0,1,1.0,1,1,1,1,3
OO,GRK,DFW,Regional,Hub-to-Spoke,Small,0.7277032,2,525,0.1833333333333333,1.0,1,1.0,5,1,1,1,5
OO,BRO,DFW,Regional,Hub-to-Spoke,Small,0.71314585,1,480,0.2083333333333333,1.0,1,1.0,3,1,1,1,3
HA,ITO,HNL,Mainline,Hub-to-Spoke,Small,0.538007,5,363,0.1365394491129785,1.0,1,1.0,3,1,1,1,1
OO,MOB,DFW,Regional,Hub-to-Spoke,Small,0.47174793,2,800,0.3722222222222223,1.0,1,0.0,1,1,1,1,4
YX,HHH,CLT,Regional,Hub-to-Spoke,Small,0.57581043,1,495,0.2055555555555555,1.0,1,1.0,1,1,1,1,1
G4,RFD,PGD,ULCC,Spoke-to-Spoke,NonHub,0.5475657,0,439,0.6666666666666666,1.0,1,1.0,1,1,1,1,1
YV,MAF,DFW,Regional,Hub-to-Spoke,Small,0.46088856,3,522,0.2082539682539682,1.0,1,1.0,1,1,1,1,3
QX,BLI,SEA,Regional,Hub-to-Spoke,Small,0.54662645,4,775,0.0716666666666666,1.0,1,0.0,1,1,1,1,1
OO,FWA,ORD,Regional,Hub-to-Spoke,Small,0.6057344,3,777,0.1944444444444444,1.0,1,0.0,2,1,1,1,2
OO,LEX,ORD,Regional,Hub-to-Spoke,Small,0.6229067,2,365,0.1977777777777777,1.0,1,0.0,3,1,1,1,3
OO,COD,DEN,Regional,Hub-to-Spoke,Small,0.66630274,2,337,0.175,1.0,1,1.0,2,1,1,1,1
WN,ALB,MCO,LCC,Hub-to-Hub,Medium,0.4796721,1,460,0.4027777777777777,1.0,1,0.0,3,1,2,1,3
NK,ACY,FLL,ULCC,Hub-to-Spoke,Small,0.642989,1,539,0.35,1.0,1,1.0,2,1,1,1,1
MQ,ACT,DFW,Regional,Hub-to-Spoke,Small,0.5034173,4,750,0.1783333333333333,1.0,1,0.0,3,1,1,1,1
MQ,SJT,DFW,Regional,Hub-to-Spoke,Small,0.67206794,2,345,0.2,1.0,1,0.0,2,1,1,1,2
9E,SHV,ATL,Regional,Hub-to-Spoke,Small,0.5305536,2,780,0.1916666666666666,1.0,1,1.0,2,1,1,1,2
OO,FSM,DFW,Regional,Hub-to-Spoke,Small,0.54331595,1,770,0.2444444444444444,1.0,1,1.0,2,1,1,1,2
OO,CRP,DFW,Regional,Hub-to-Spoke,Small,0.58242357,2,500,0.2219047619047618,1.0,1,1.0,1,1,1,1,3
AA,MFE,DFW,Mainline,Hub-to-Spoke,Small,0.48901907,2,666,0.2555555555555555,1.0,1,1.0,1,1,1,1,3
MQ,LRD,DFW,Regional,Hub-to-Spoke,Small,0.58467245,1,250,0.1455555555555555,1.0,1,0.0,2,1,1,1,2
OO,GRK,DFW,Regional,Hub-to-Spoke,Small,0.70212466,1,270,0.2366666666666667,1.0,1,1.0,2,1,1,1,1
OO,CRP,DFW,Regional,Hub-to-Spoke,Small,0.7485212,0,273,0.1757142857142857,1.0,1,1.0,2,1,2,1,2
OO,JAN,DFW,Regional,Hub-to-Spoke,Small,0.5995436,1,283,0.2033333333333333,1.0,1,1.0,2,1,1,1,2
9E,ACK,JFK,Regional,Hub-to-Spoke,Small,0.57785034,0,195,0.2666666666666666,1.0,1,1.0,1,1,2,1,3
OO,COD,DEN,Regional,Hub-to-Spoke,Small,0.7410793,2,338,0.3083333333333333,1.0,1,1.0,2,1,1,1,2
AA,ILM,CLT,Mainline,Hub-to-Spoke,Small,0.44858357,2,806,0.2365079365079365,1.0,1,1.0,1,1,1,1,1
OO,MHK,DFW,Regional,Hub-to-Spoke,Small,0.7410764,0,463,0.1444444444444444,1.0,1,0.0,3,1,3,1,3
9E,AGS,ATL,Regional,Hub-to-Spoke,Small,0.54008096,5,810,0.1677777777777777,1.0,1,0.0,1,1,1,1,4
G4,PIE,CVG,ULCC,Hub-to-Spoke,Small,0.5621268,0,430,0.3388888888888888,1.0,1,0.0,3,1,2,1,3
MQ,GRR,ORD,Regional,Hub-to-Hub,Medium,0.64367783,2,382,0.1109523809523809,1.0,1,0.0,3,1,1,1,3
G4,USA,FLL,ULCC,Hub-to-Spoke,NonHub,0.6829761,0,359,0.6,1.0,1,0.0,3,1,3,1,2
YX,HHH,CLT,Regional,Hub-to-Spoke,Small,0.5929459,2,487,0.3166666666666666,1.0,1,0.0,3,1,1,1,1
WN,KOA,HNL,LCC,Hub-to-Hub,Medium,0.4708182,2,385,0.1678144857092225,1.0,1,1.0,3,1,2,1,5
YX,ORH,JFK,Regional,Hub-to-Spoke,Small,0.6688413,0,313,0.2333333333333333,1.0,1,0.0,1,1,3,1,3
YX,HHH,CLT,Regional,Hub-to-Spoke,Small,0.61326385,2,487,0.4055555555555555,1.0,1,0.0,2,1,1,1,2
YX,HHH,CLT,Regional,Hub-to-Spoke,Small,0.5375448,2,487,0.4722222222222222,1.0,1,1.0,3,1,1,1,4
OO,COD,DEN,Regional,Hub-to-Spoke,Small,0.547226,3,700,0.4333333333333333,1.0,1,0.0,1,1,1,1,3
9E,MOB,ATL,Regional,Hub-to-Spoke,Small,0.5270005,2,588,0.1699999999999999,1.0,1,0.0,1,1,1,1,1
AA,ICT,DFW,Mainline,Hub-to-Spoke,Small,0.45128363,2,390,0.2955555555555555,1.0,1,0.0,1,1,1,1,3
WN,HRL,HOU,LCC,Hub-to-Spoke,Small,0.5026998,3,480,0.0677777777777777,1.0,1,0.0,2,1,1,1,1
DL,HPN,ATL,Mainline,Hub-to-Spoke,Small,0.4827915,1,780,0.3021428571428571,1.0,1,0.0,1,1,2,1,2
MQ,AVL,ORD,Regional,Hub-to-Spoke,Small,0.6212636,0,347,0.4833333333333333,1.0,1,0.0,2,1,4,1,5
DL,ECP,ATL,Mainline,Hub-to-Spoke,Small,0.5170017,5,662,0.1142857142857142,1.0,1,0.0,1,1,1,1,4
YV,LBB,DFW,Regional,Hub-to-Spoke,Small,0.48391554,2,421,0.2349206349206349,1.0,1,0.0,3,1,1,1,3
AA,ILM,CLT,Mainline,Hub-to-Spoke,Small,0.6144054,0,385,0.3357142857142857,1.0,1,0.0,1,1,1,1,3
DL,GSO,ATL,Mainline,Hub-to-Spoke,Small,0.5045921,3,410,0.1474603174603174,1.0,1,0.0,2,1,1,1,1
G4,PVU,AZA,ULCC,Spoke-to-Spoke,NonHub,0.4334847,1,296,0.25,1.0,1,0.0,2,1,1,1,2
MQ,LFT,DFW,Regional,Hub-to-Spoke,Small,0.6583732,0,280,0.3083333333333333,1.0,1,0.0,1,1,1,1,1
MQ,GRK,DFW,Regional,Hub-to-Spoke,Small,0.6377361,1,142,0.1202380952380952,1.0,1,1.0,1,1,1,1,2
F9,BQN,MCO,ULCC,Hub-to-Spoke,Small,0.52024627,0,264,0.3444444444444444,1.0,1,1.0,2,1,2,1,1
MQ,AVL,ORD,Regional,Hub-to-Spoke,Small,0.60899144,0,347,0.5166666666666667,1.0,1,1.0,4,1,3,1,1
G4,LCK,MYR,ULCC,Spoke-to-Spoke,NonHub,0.5518167,1,516,0.6333333333333333,1.0,1,1.0,1,1,1,1,3
G4,BLV,PGD,ULCC,Spoke-to-Spoke,NonHub,0.55521715,0,277,0.6333333333333333,1.0,1,0.0,2,1,2,1,1
AA,ICT,DFW,Mainline,Hub-to-Spoke,Small,0.49581593,2,390,0.2844444444444444,1.0,1,1.0,1,1,1,1,1
DL,DAB,ATL,Mainline,Hub-to-Spoke,Small,0.50373924,2,720,0.2138888888888888,1.0,1,1.0,2,1,1,1,3
MQ,MLI,ORD,Regional,Hub-to-Spoke,Small,0.6335351,0,439,0.1111111111111111,1.0,1,1.0,3,1,1,1,2
B6,ACK,LGA,LCC,Hub-to-Spoke,Small,0.562851,1,284,0.2972222222222223,1.0,1,1.0,2,1,1,1,2
MQ,LFT,DFW,Regional,Hub-to-Spoke,Small,0.66789347,1,488,0.2633333333333333,1.0,1,0.0,2,1,1,1,1
QX,PAE,SAN,Regional,Hub-to-Spoke,NonHub,0.46889463,0,270,0.1833333333333333,1.0,1,1.0,2,1,4,1,4
F9,GJT,DEN,ULCC,Hub-to-Spoke,Small,0.6318758,0,211,0.32,1.0,1,1.0,4,1,1,1,2
MQ,GRK,DFW,Regional,Hub-to-Spoke,Small,0.6957781,1,142,0.1353174603174603,1.0,1,1.0,1,1,1,1,3
YV,STS,PHX,Regional,Hub-to-Spoke,Small,0.59640783,0,407,0.2166666666666666,1.0,1,0.0,1,1,3,1,3
OH,EWN,CLT,Regional,Hub-to-Spoke,Small,0.61706567,2,485,0.175,1.0,1,0.0,3,1,1,1,1
OO,SAF,DFW,Regional,Hub-to-Spoke,Small,0.69602686,1,376,0.0833333333333333,1.0,1,0.0,1,1,1,1,2
YV,PIA,DFW,Regional,Hub-to-Spoke,Small,0.6135017,0,186,0.3333333333333333,1.0,1,1.0,1,1,3,1,1
YX,HHH,CLT,Regional,Hub-to-Spoke,Small,0.5525232,2,487,0.311111111111111,1.0,1,1.0,1,1,1,1,1
DL,GSP,ATL,Mainline,Hub-to-Hub,Medium,0.59500366,3,424,0.1837962962962963,1.0,1,0.0,2,1,1,1,1
OO,GRB,ORD,Regional,Hub-to-Spoke,Small,0.5469531,1,770,0.205,1.0,1,0.0,1,1,2,1,3
QX,PAE,SAN,Regional,Hub-to-Spoke,NonHub,0.64209,0,270,0.15,1.0,1,1.0,2,1,3,1,1
OO,DEC,ORD,Regional,Hub-to-Spoke,NonHub,0.65939283,1,536,0.25,1.0,1,1.0,3,1,1,1,1
HA,KOA,HNL,Mainline,Hub-to-Hub,Medium,0.50027853,7,335,0.1850303184399294,1.0,1,0.0,4,1,1,1,3
MQ,CRP,DFW,Regional,Hub-to-Spoke,Small,0.6655618,2,277,0.1671428571428571,1.0,1,0.0,2,1,1,1,1
MQ,FSM,DFW,Regional,Hub-to-Spoke,Small,0.5885254,1,515,0.1638888888888888,1.0,1,0.0,2,1,1,1,1
B6,MVY,JFK,LCC,Hub-to-Spoke,NonHub,0.57834417,0,126,0.4333333333333333,1.0,1,1.0,1,1,2,1,1
HA,ITO,HNL,Mainline,Hub-to-Spoke,Small,0.4716837,6,360,0.1805170401493931,1.0,1,0.0,2,1,1,1,3
MQ,CRP,DFW,Regional,Hub-to-Spoke,Small,0.6029605,2,277,0.2111111111111111,1.0,1,0.0,2,1,1,1,2
OO,GFK,MSP,Regional,Hub-to-Spoke,Small,0.6285087,3,825,0.1222222222222222,1.0,1,1.0,1,1,1,1,3
OO,DRO,DEN,Regional,Hub-to-Spoke,Small,0.7015886,0,223,0.1822222222222222,1.0,1,1.0,1,1,3,1,3
MQ,TVC,ORD,Regional,Hub-to-Spoke,Small,0.58627284,2,394,0.2688888888888889,1.0,1,0.0,3,1,1,1,3
OO,SHV,DFW,Regional,Hub-to-Spoke,Small,0.6837726,1,150,0.1949999999999999,1.0,1,1.0,2,1,1,1,3
9E,MGM,ATL,Regional,Hub-to-Spoke,Small,0.55619335,3,780,0.2416666666666666,1.0,1,0.0,1,1,1,1,2
HA,ITO,HNL,Mainline,Hub-to-Spoke,Small,0.5047734,7,450,0.1762920168067226,1.0,1,0.0,4,1,1,1,4
OO,GRK,DFW,Regional,Hub-to-Spoke,Small,0.66718495,3,376,0.2111111111111111,1.0,1,1.0,2,1,1,1,1
OO,AEX,DFW,Regional,Hub-to-Spoke,Small,0.47275403,1,780,0.2555555555555555,1.0,1,0.0,1,1,1,1,1
QX,PUW,SEA,Regional,Hub-to-Spoke,NonHub,0.7132401,1,379,0.1111111111111111,1.0,1,0.0,2,1,1,1,1
MQ,TVC,ORD,Regional,Hub-to-Spoke,Small,0.6145141,2,394,0.2744444444444444,1.0,1,0.0,2,1,1,1,2
OO,GRB,ORD,Regional,Hub-to-Spoke,Small,0.72424227,0,449,0.21,1.0,1,0.0,1,1,3,1,1
MQ,SHV,DFW,Regional,Hub-to-Spoke,Small,0.6714601,1,395,0.2277777777777778,1.0,1,0.0,5,1,1,1,3
OO,GJT,DEN,Regional,Hub-to-Spoke,Small,0.7733871,1,223,0.1883333333333333,1.0,1,1.0,2,1,1,1,2
OO,CPR,DEN,Regional,Hub-to-Spoke,Small,0.5902764,2,329,0.3055555555555555,1.0,1,1.0,3,1,1,1,3
YX,MVY,LGA,Regional,Hub-to-Spoke,NonHub,0.658814,0,160,0.3,1.0,1,0.0,3,1,3,1,3
F9,SWF,MCO,ULCC,Hub-to-Spoke,Small,0.49708337,0,439,0.4666666666666667,1.0,1,1.0,2,1,1,1,3
MQ,CLL,DFW,Regional,Hub-to-Spoke,Small,0.57018304,2,513,0.2577777777777778,1.0,1,0.0,1,1,1,1,3
MQ,SJT,DFW,Regional,Hub-to-Spoke,Small,0.6893148,2,518,0.1583333333333333,1.0,1,1.0,1,1,1,1,2
AA,TUS,DFW,Mainline,Hub-to-Hub,Medium,0.46245813,4,750,0.24,1.0,1,0.0,3,1,1,1,1
HA,ITO,HNL,Mainline,Hub-to-Spoke,Small,0.4539555,4,205,0.1988060224089635,1.0,1,0.0,2,1,1,1,2
YX,MVY,LGA,Regional,Hub-to-Spoke,NonHub,0.65215516,0,160,0.3,1.0,1,0.0,2,1,3,1,2
MQ,XNA,DFW,Regional,Hub-to-Spoke,Small,0.4615151,1,266,0.3404761904761904,1.0,1,0.0,1,1,1,1,3
B6,STT,SJU,LCC,Hub-to-Spoke,Small,0.7027513,1,370,0.2749999999999999,1.0,1,1.0,2,1,1,1,3
OO,MRY,PHX,Regional,Hub-to-Spoke,Small,0.5955698,0,404,0.2444444444444444,1.0,1,1.0,1,1,1,1,1
OO,GRB,ORD,Regional,Hub-to-Spoke,Small,0.6675896,0,449,0.1783333333333333,1.0,1,1.0,1,1,2,1,2
OO,DEC,ORD,Regional,Hub-to-Spoke,NonHub,0.5736976,1,536,0.2,1.0,1,1.0,4,1,1,1,3
OH,CRW,CLT,Regional,Hub-to-Spoke,Small,0.6122166,1,472,0.3,1.0,1,0.0,3,1,1,1,1
HA,KOA,HNL,Mainline,Hub-to-Hub,Medium,0.5211331,13,765,0.1900542418849054,1.0,1,0.0,1,1,1,1,3
OO,LIT,DFW,Regional,Hub-to-Hub,Medium,0.6486866,1,271,0.2603174603174603,1.0,1,1.0,3,1,1,1,2
OO,GRK,DFW,Regional,Hub-to-Spoke,Small,0.72278845,2,255,0.2611111111111111,1.0,1,0.0,3,1,1,1,2
9E,AGS,ATL,Regional,Hub-to-Spoke,Small,0.54177654,4,810,0.0655555555555555,1.0,1,0.0,1,1,1,1,2
MQ,SGF,DFW,Regional,Hub-to-Spoke,Small,0.6797026,3,365,0.2106746031746031,1.0,1,0.0,2,1,1,1,2
AS,PAE,LAS,Mainline,Hub-to-Spoke,NonHub,0.607011,0,110,0.1166666666666666,1.0,1,1.0,3,1,1,1,2
MQ,BRO,DFW,Regional,Hub-to-Spoke,Small,0.65365344,2,479,0.1416666666666666,1.0,1,1.0,1,1,1,1,1
MQ,TYR,DFW,Regional,Hub-to-Spoke,Small,0.6272954,2,517,0.2249999999999999,1.0,1,1.0,1,1,1,1,1
MQ,FSM,DFW,Regional,Hub-to-Spoke,Small,0.64050686,1,518,0.2277777777777777,1.0,1,1.0,2,1,1,1,2
B6,STT,SJU,LCC,Hub-to-Spoke,Small,0.4319482,1,335,0.2805555555555555,1.0,1,1.0,3,1,1,1,2
OO,GRK,DFW,Regional,Hub-to-Spoke,Small,0.6576034,1,255,0.3138888888888889,1.0,1,1.0,2,1,1,1,1
B6,PBI,BOS,LCC,Hub-to-Hub,Medium,0.593119,1,358,0.3888888888888889,1.0,1,1.0,3,1,1,1,3
WN,LBB,DAL,LCC,Hub-to-Spoke,Small,0.6079672,1,180,0.2066666666666666,1.0,1,1.0,1,1,1,1,1
YV,GJT,PHX,Regional,Hub-to-Spoke,Small,0.63943917,1,421,0.1666666666666666,1.0,1,0.0,1,1,1,1,2
DL,FAI,SEA,Mainline,Hub-to-Spoke,Small,0.49643907,0,215,0.0955555555555555,1.0,1,0.0,1,1,2,1,1
G4,AVL,FLL,ULCC,Hub-to-Spoke,Small,0.5741258,1,470,0.3166666666666666,1.0,1,1.0,1,1,1,1,2
OO,GRB,ORD,Regional,Hub-to-Spoke,Small,0.6748463,2,745,0.1166666666666666,1.0,1,0.0,3,2,2,1,5
WN,SBA,DEN,LCC,Hub-to-Spoke,Small,0.6272654,0,425,0.1916666666666666,1.0,1,1.0,2,1,3,1,2
QX,PAE,LAS,Regional,Hub-to-Spoke,NonHub,0.62737375,0,380,0.15,1.0,1,1.0,3,1,2,1,1
WN,MAF,DAL,LCC,Hub-to-Spoke,Small,0.6036266,1,95,0.2583333333333333,1.0,1,1.0,2,1,1,1,2
HA,LIH,HNL,Mainline,Hub-to-Hub,Medium,0.49201477,7,320,0.1307406141616668,1.0,1,0.0,3,1,1,1,3
9E,MQT,DTW,Regional,Hub-to-Spoke,Small,0.47207385,1,765,0.1,1.0,1,0.0,3,1,1,1,1
WN,PVD,MCO,LCC,Hub-to-Hub,Medium,0.5821455,1,170,0.2716666666666666,1.0,1,1.0,2,1,1,1,2
OO,ICT,IAH,Regional,Hub-to-Spoke,Small,0.61516774,0,439,0.2,1.0,1,0.0,2,1,1,1,1
OO,FAT,SFO,Regional,Hub-to-Spoke,Small,0.6069402,1,539,0.1472222222222222,1.0,1,0.0,2,1,1,1,4
OO,JAN,DFW,Regional,Hub-to-Spoke,Small,0.6384922,2,205,0.1988888888888889,1.0,1,1.0,3,1,1,1,3
9E,BGR,LGA,Regional,Hub-to-Spoke,Small,0.66868865,1,189,0.1527777777777777,1.0,1,1.0,4,1,1,1,3
NK,BQN,MCO,ULCC,Hub-to-Spoke,Small,0.46118572,0,1034,0.25,1.0,1,1.0,3,1,3,1,1
OO,TRI,ATL,Regional,Hub-to-Spoke,Small,0.6055036,2,765,0.1661111111111111,1.0,1,1.0,1,1,1,1,2
QX,MFR,SEA,Regional,Hub-to-Spoke,Small,0.6287447,4,690,0.0885185185185185,1.0,1,1.0,2,1,1,1,3
G4,AZA,LAS,ULCC,Hub-to-Spoke,Small,0.58633035,0,250,0.6333333333333333,1.0,1,1.0,3,1,3,1,2
QX,MSO,SEA,Regional,Hub-to-Spoke,Small,0.7098747,3,447,0.0622222222222222,1.0,1,1.0,1,1,1,1,1
UA,BZN,DEN,Mainline,Hub-to-Spoke,Small,0.54441726,0,268,0.1418650793650793,1.0,1,1.0,2,1,2,1,1
B6,ACK,JFK,LCC,Hub-to-Spoke,Small,0.53194237,1,488,0.2916666666666667,1.0,1,0.0,1,1,1,1,4
OH,MYR,CLT,Regional,Hub-to-Spoke,Small,0.73875827,2,472,0.2043650793650793,1.0,1,1.0,2,1,1,1,6
OO,TRI,ATL,Regional,Hub-to-Spoke,Small,0.62847656,2,765,0.1661111111111111,1.0,1,0.0,3,1,1,1,1
HA,ITO,HNL,Mainline,Hub-to-Spoke,Small,0.48735347,5,365,0.1107107843137254,1.0,1,0.0,1,1,1,1,3
WN,LGB,LAS,LCC,Hub-to-Hub,Medium,0.5011681,3,325,0.3566666666666666,1.0,1,1.0,2,1,1,1,1
MQ,ICT,DFW,Regional,Hub-to-Spoke,Small,0.7348828,0,511,0.1595238095238095,1.0,1,0.0,1,1,1,1,1
MQ,LIT,DFW,Regional,Hub-to-Hub,Medium,0.5564653,2,774,0.2071428571428571,1.0,1,0.0,1,1,1,1,3
UA,DSM,ORD,Mainline,Hub-to-Hub,Medium,0.5408089,1,458,0.0823809523809523,1.0,1,0.0,1,1,1,1,2
HA,ITO,HNL,Mainline,Hub-to-Spoke,Small,0.5125668,5,365,0.2126633986928104,1.0,1,1.0,1,1,1,1,2
HA,ITO,HNL,Mainline,Hub-to-Spoke,Small,0.42019778,5,205,0.219468954248366,1.0,1,1.0,2,1,1,1,3
OO,LFT,DFW,Regional,Hub-to-Spoke,Small,0.48211476,2,207,0.1049999999999999,1.0,1,1.0,1,1,1,1,3
OO,DRO,DEN,Regional,Hub-to-Spoke,Small,0.63439137,5,805,0.0994444444444444,1.0,1,1.0,2,1,1,1,1
OO,PSP,SLC,Regional,Hub-to-Hub,Medium,0.5427345,2,779,0.0888888888888888,1.0,1,0.0,1,1,1,1,2
HA,ITO,HNL,Mainline,Hub-to-Spoke,Small,0.4236904,4,265,0.2361356209150326,1.0,1,1.0,3,1,1,1,1
OO,FAR,ORD,Regional,Hub-to-Spoke,Small,0.5538601,2,828,0.1444444444444444,1.0,1,0.0,1,1,1,1,1
QX,BOI,SEA,Regional,Hub-to-Hub,Medium,0.6244257,2,540,0.0800443920258161,1.0,1,0.0,3,1,1,1,2
HA,ITO,HNL,Mainline,Hub-to-Spoke,Small,0.42343122,6,365,0.2627941176470588,1.0,1,1.0,3,1,1,1,1
MQ,BTR,DFW,Regional,Hub-to-Spoke,Small,0.6338474,2,525,0.1244444444444444,1.0,1,1.0,3,1,1,1,3
MQ,SGF,DFW,Regional,Hub-to-Spoke,Small,0.70918363,2,487,0.1103174603174603,1.0,1,1.0,2,1,1,1,3
OO,CLL,DFW,Regional,Hub-to-Spoke,Small,0.742914,2,518,0.1,1.0,1,1.0,2,1,1,1,1
B6,BQN,MCO,LCC,Hub-to-Spoke,Small,0.6433331,0,468,0.3194444444444445,1.0,1,1.0,3,1,1,1,3
OO,CLL,DFW,Regional,Hub-to-Spoke,Small,0.7353365,2,518,0.1166666666666666,1.0,1,1.0,3,1,1,1,2
OO,LFT,ATL,Regional,Hub-to-Spoke,Small,0.59178984,1,780,0.1444444444444444,1.0,1,1.0,3,2,2,1,3
B6,JAX,FLL,LCC,Hub-to-Hub,Medium,0.62795943,0,140,0.3,1.0,1,0.0,2,1,2,1,2
AA,TUS,DFW,Mainline,Hub-to-Hub,Medium,0.44984072,2,436,0.2144444444444444,1.0,1,0.0,3,1,1,1,1
NK,BQN,MCO,ULCC,Hub-to-Spoke,Small,0.4190157,1,1024,0.2611111111111111,1.0,1,0.0,2,1,1,1,3
OO,MOT,MSP,Regional,Hub-to-Spoke,Small,0.56948227,2,840,0.1,1.0,1,1.0,1,1,1,1,2
HA,LIH,HNL,Mainline,Hub-to-Hub,Medium,0.51687634,10,475,0.3580952380952381,1.0,1,1.0,5,1,1,1,6
HA,ITO,HNL,Mainline,Hub-to-Spoke,Small,0.49168035,6,365,0.3290032679738562,1.0,1,0.0,1,1,1,1,3
HA,KOA,HNL,Mainline,Hub-to-Hub,Medium,0.4408848,8,315,0.3524211087666465,1.0,1,1.0,1,1,1,1,1
OO,AGS,ATL,Regional,Hub-to-Spoke,Small,0.6287994,3,720,0.1222222222222222,1.0,1,1.0,1,1,1,1,1
OO,FSD,DFW,Regional,Hub-to-Spoke,Small,0.6727159,0,323,0.2444444444444444,1.0,1,1.0,3,1,1,1,3
HA,LIH,HNL,Mainline,Hub-to-Hub,Medium,0.49719554,9,475,0.3620634920634921,1.0,1,1.0,5,1,1,1,2
MQ,VPS,DFW,Regional,Hub-to-Spoke,Small,0.71750236,0,477,0.1833333333333333,1.0,1,0.0,1,1,2,1,2
MQ,CRP,DFW,Regional,Hub-to-Spoke,Small,0.6660084,0,523,0.2131746031746031,1.0,1,1.0,3,1,1,1,1
AA,STT,MIA,Mainline,Hub-to-Spoke,Small,0.44898036,1,204,0.0666666666666666,1.0,1,0.0,3,1,1,1,2
MQ,JAN,DFW,Regional,Hub-to-Spoke,Small,0.6633205,1,510,0.1933333333333333,1.0,1,0.0,1,1,1,1,3
QX,PSC,SEA,Regional,Hub-to-Spoke,Small,0.5315237,4,800,0.0714285714285714,1.0,1,0.0,1,1,1,1,4
9E,BTV,JFK,Regional,Hub-to-Spoke,Small,0.60298324,0,181,0.1133333333333333,1.0,1,0.0,3,1,1,1,3
AA,MFE,DFW,Mainline,Hub-to-Spoke,Small,0.5266317,2,451,0.1862698412698412,1.0,1,1.0,3,1,1,1,2
OO,FSM,DFW,Regional,Hub-to-Spoke,Small,0.6305665,1,525,0.225,1.0,1,1.0,3,1,1,1,1
OO,ACT,DFW,Regional,Hub-to-Spoke,Small,0.73723793,1,504,0.1861111111111111,1.0,1,1.0,1,1,1,1,3
WN,TUL,DAL,LCC,Hub-to-Hub,Medium,0.58235514,2,525,0.1583333333333333,1.0,1,1.0,2,1,1,1,1
OO,LFT,ATL,Regional,Hub-to-Spoke,Small,0.61667657,1,480,0.3166666666666666,1.0,1,1.0,1,1,1,1,1
OO,GJT,DEN,Regional,Hub-to-Spoke,Small,0.75081897,3,443,0.1733333333333333,1.0,1,1.0,3,1,1,1,2
UA,BIL,DEN,Mainline,Hub-to-Spoke,Small,0.58347875,0,258,0.1111111111111111,1.0,1,1.0,2,1,3,1,1
MQ,FNT,ORD,Regional,Hub-to-Spoke,Small,0.54437184,1,419,0.15,1.0,1,1.0,4,1,1,1,4
NK,BQN,MCO,ULCC,Hub-to-Spoke,Small,0.47146752,1,961,0.4444444444444445,1.0,1,1.0,2,1,2,1,2
OO,ABE,ATL,Regional,Hub-to-Spoke,Small,0.49048334,1,377,0.1777777777777777,1.0,1,1.0,3,1,1,1,1
OO,SHV,ATL,Regional,Hub-to-Spoke,Small,0.54397666,2,780,0.1055555555555555,1.0,1,1.0,4,1,1,1,3
OO,SBA,PHX,Regional,Hub-to-Spoke,Small,0.4885272,1,418,0.1944444444444444,1.0,1,0.0,2,1,1,1,2
OO,MFR,SEA,Regional,Hub-to-Spoke,Small,0.57452196,1,720,0.101058201058201,1.0,1,1.0,3,1,1,1,3
AA,ABQ,DFW,Mainline,Hub-to-Hub,Medium,0.56218606,3,491,0.2855555555555555,1.0,1,1.0,1,1,1,1,4
OO,LCH,DFW,Regional,Hub-to-Spoke,Small,0.50551456,2,775,0.2333333333333333,1.0,1,1.0,1,1,1,1,1
G4,IDA,LAS,ULCC,Hub-to-Spoke,Small,0.56553704,0,530,0.5666666666666667,1.0,1,0.0,3,1,1,1,3
HA,ITO,HNL,Mainline,Hub-to-Spoke,Small,0.41920137,3,80,0.2302369281045751,1.0,1,1.0,1,1,1,1,2
OO,HSV,DFW,Regional,Hub-to-Spoke,Small,0.6149299,0,459,0.3494444444444444,1.0,1,0.0,1,1,2,1,3
NK,BQN,MCO,ULCC,Hub-to-Spoke,Small,0.46030346,1,961,0.5427777777777777,1.0,1,0.0,1,1,1,1,2
OO,FAR,ORD,Regional,Hub-to-Spoke,Small,0.453324,2,785,0.2111111111111111,1.0,1,0.0,2,1,1,1,3
B6,SYR,JFK,LCC,Hub-to-Spoke,Small,0.5342125,1,535,0.1833333333333333,1.0,1,1.0,2,1,2,1,2
B6,ROC,JFK,LCC,Hub-to-Hub,Medium,0.47101906,1,350,0.1722222222222222,1.0,1,1.0,1,1,1,1,2
HA,ITO,HNL,Mainline,Hub-to-Spoke,Small,0.44306362,7,460,0.2145098039215686,1.0,1,1.0,6,1,1,1,1
WN,KOA,HNL,LCC,Hub-to-Hub,Medium,0.510464,3,430,0.2363631300473405,1.0,1,1.0,5,1,1,1,2
HA,LIH,HNL,Mainline,Hub-to-Hub,Medium,0.4864361,5,268,0.1932452342978658,1.0,1,0.0,5,1,1,1,1
HA,KOA,HNL,Mainline,Hub-to-Hub,Medium,0.43834853,6,300,0.2237705374547479,1.0,1,1.0,3,1,1,1,4
OO,LBF,DEN,Regional,Hub-to-Spoke,NonHub,0.7266121,1,520,0.0833333333333333,1.0,1,0.0,3,1,1,1,3
B6,BTV,JFK,LCC,Hub-to-Spoke,Small,0.489687,2,780,0.1488888888888888,1.0,1,0.0,5,1,1,1,3
DL,GNV,ATL,Mainline,Hub-to-Spoke,Small,0.63949966,3,515,0.13,1.0,1,1.0,1,1,1,1,3
WN,LIH,HNL,LCC,Hub-to-Hub,Medium,0.45212674,3,460,0.2030838459785827,1.0,1,0.0,4,1,1,1,1
OO,ICT,IAH,Regional,Hub-to-Spoke,Small,0.68283,0,438,0.25,1.0,1,0.0,1,1,4,1,2
HA,ITO,HNL,Mainline,Hub-to-Spoke,Small,0.42158437,3,275,0.2239705882352941,1.0,1,0.0,3,1,1,1,2
QX,BLI,SEA,Regional,Hub-to-Spoke,Small,0.5478879,1,325,0.2638888888888889,1.0,1,0.0,3,1,1,1,1
AS,FAI,SEA,Mainline,Hub-to-Spoke,Small,0.4691592,4,1050,0.3822222222222222,1.0,1,0.0,2,1,1,1,2
WN,HDN,DEN,LCC,Hub-to-Spoke,Small,0.58389324,1,390,0.2833333333333333,1.0,1,1.0,2,1,2,1,2
OO,ROW,DFW,Regional,Hub-to-Spoke,Small,0.56347567,1,730,0.2833333333333333,1.0,1,1.0,1,1,1,1,2
OO,ACT,DFW,Regional,Hub-to-Spoke,Small,0.6859979,2,504,0.2138888888888889,1.0,1,1.0,1,1,1,1,3
MQ,TYS,ORD,Regional,Hub-to-Hub,Medium,0.5789445,1,458,0.3166666666666666,1.0,1,1.0,2,1,1,1,4
OO,BIS,MSP,Regional,Hub-to-Spoke,Small,0.4228452,2,680,0.4194444444444444,1.0,1,1.0,2,1,1,1,1
HA,ITO,HNL,Mainline,Hub-to-Spoke,Small,0.42947668,7,355,0.3453160474716202,1.0,1,0.0,1,1,1,1,1
OO,FSM,DFW,Regional,Hub-to-Spoke,Small,0.5366757,2,760,0.3499999999999999,1.0,1,0.0,1,1,1,1,1
OO,DRO,DEN,Regional,Hub-to-Spoke,Small,0.45837548,2,822,0.3138888888888889,1.0,1,1.0,1,1,1,1,2
OO,SUN,SLC,Regional,Hub-to-Spoke,Small,0.56178033,0,344,0.3166666666666666,1.0,1,0.0,3,1,3,1,3
NK,BQN,MCO,ULCC,Hub-to-Spoke,Small,0.5790143,1,962,0.5905555555555555,1.0,1,0.0,1,1,2,1,2
9E,MOT,MSP,Regional,Hub-to-Spoke,Small,0.57666796,0,390,0.5777777777777777,1.0,1,0.0,3,1,1,1,1
G4,SFB,FNT,ULCC,Spoke-to-Spoke,Small,0.6199385,0,426,0.6,1.0,1,1.0,3,1,1,1,2
OH,TRI,CLT,Regional,Hub-to-Spoke,Small,0.51406205,2,720,0.1166666666666666,1.0,1,1.0,1,1,1,1,2
B6,PSE,MCO,LCC,Hub-to-Spoke,Small,0.436285,0,965,0.4333333333333333,1.0,1,0.0,2,1,2,1,2
OO,DRO,DEN,Regional,Hub-to-Spoke,Small,0.58680004,2,705,0.3194444444444444,1.0,1,0.0,1,1,1,1,5
OO,BZN,SFO,Regional,Hub-to-Spoke,Small,0.6207596,0,270,0.4333333333333333,1.0,1,1.0,1,1,2,1,3
HA,ITO,HNL,Mainline,Hub-to-Spoke,Small,0.50485367,5,350,0.2539022187822498,1.0,1,0.0,3,1,1,1,1
OO,DRO,DEN,Regional,Hub-to-Spoke,Small,0.52998185,2,705,0.3777777777777777,1.0,1,1.0,1,1,1,1,4
HA,ITO,HNL,Mainline,Hub-to-Spoke,Small,0.48191914,6,350,0.2087360967778924,1.0,1,1.0,2,1,1,1,2
HA,KOA,HNL,Mainline,Hub-to-Hub,Medium,0.5925367,9,330,0.256091975657193,1.0,1,0.0,2,1,1,1,3
AA,BFL,PHX,Mainline,Hub-to-Spoke,Small,0.52974224,1,780,0.2722222222222222,1.0,1,0.0,1,1,1,1,1
9E,AVL,LGA,Regional,Hub-to-Spoke,Small,0.62635255,1,406,0.1333333333333333,1.0,1,1.0,1,1,1,1,3
WN,OMA,DEN,LCC,Hub-to-Hub,Medium,0.6214731,2,460,0.3015873015873015,1.0,1,0.0,2,1,1,1,4
9E,BGR,LGA,Regional,Hub-to-Spoke,Small,0.6377491,0,85,0.1944444444444444,1.0,1,1.0,1,1,1,1,2
MQ,ABI,DFW,Regional,Hub-to-Spoke,Small,0.41721955,3,750,0.1527777777777777,1.0,1,0.0,3,1,1,1,1
MQ,SHV,DFW,Regional,Hub-to-Spoke,Small,0.65907586,1,513,0.1638888888888888,1.0,1,1.0,2,1,1,1,2
OO,FWA,ORD,Regional,Hub-to-Spoke,Small,0.5580592,2,720,0.2944444444444444,1.0,1,0.0,3,1,1,1,2
OO,ROW,DFW,Regional,Hub-to-Spoke,Small,0.52910936,1,767,0.15,1.0,1,1.0,2,1,1,1,2
MQ,BTR,DFW,Regional,Hub-to-Spoke,Small,0.6437253,1,525,0.2055555555555555,1.0,1,0.0,1,1,1,1,3
MQ,VPS,DFW,Regional,Hub-to-Spoke,Small,0.50706184,1,451,0.2722222222222222,1.0,1,0.0,2,1,2,1,2
G4,SFB,FNT,ULCC,Spoke-to-Spoke,Small,0.57825774,0,426,0.5666666666666667,1.0,1,0.0,3,1,1,1,2
B6,STT,SJU,LCC,Hub-to-Spoke,Small,0.44700852,1,420,0.1999999999999999,1.0,1,0.0,3,1,1,1,1
NK,BQN,MCO,ULCC,Hub-to-Spoke,Small,0.56134516,0,0,0.3944444444444445,1.0,1,1.0,3,4,4,1,1
UA,CID,ORD,Mainline,Hub-to-Spoke,Small,0.48201132,0,744,0.19,1.0,1,0.0,1,1,2,1,2
OO,MAF,DFW,Regional,Hub-to-Spoke,Small,0.5896636,0,395,0.2222222222222222,1.0,1,0.0,2,1,2,1,2
OO,GFK,MSP,Regional,Hub-to-Spoke,Small,0.5631567,2,840,0.1111111111111111,1.0,1,0.0,3,1,1,1,3
HA,ITO,HNL,Mainline,Hub-to-Spoke,Small,0.4968388,7,445,0.1704656862745097,1.0,1,0.0,2,1,1,1,2
AA,VPS,DFW,Mainline,Hub-to-Spoke,Small,0.5051141,0,190,0.325,1.0,1,1.0,1,1,2,1,1
MQ,JAN,DFW,Regional,Hub-to-Spoke,Small,0.5506846,1,272,0.1111111111111111,1.0,1,0.0,3,1,1,1,3
B6,BQN,MCO,LCC,Hub-to-Spoke,Small,0.50697446,0,0,0.3944444444444445,1.0,1,0.0,1,4,1,1,2
OO,SBA,SFO,Regional,Hub-to-Spoke,Small,0.5246287,1,515,0.1388888888888888,1.0,1,1.0,2,1,1,1,3
AA,TUL,DFW,Mainline,Hub-to-Hub,Medium,0.4828297,4,780,0.2006349206349206,1.0,1,1.0,1,1,1,1,4
OO,MOB,ATL,Regional,Hub-to-Spoke,Small,0.6465578,2,510,0.1027777777777777,1.0,1,0.0,1,1,1,1,2
HA,ITO,HNL,Mainline,Hub-to-Spoke,Small,0.5282945,9,690,0.1801470588235294,1.0,1,0.0,1,1,1,1,2
OO,COS,DEN,Regional,Hub-to-Spoke,Small,0.54954976,3,579,0.1409932659932659,1.0,1,0.0,1,1,1,1,2
MQ,SJT,DFW,Regional,Hub-to-Spoke,Small,0.46954662,2,770,0.1305555555555555,1.0,1,0.0,1,1,1,1,1
MQ,ICT,DFW,Regional,Hub-to-Spoke,Small,0.5966713,2,362,0.2172222222222222,1.0,1,0.0,1,1,1,1,1
OO,TRI,ATL,Regional,Hub-to-Spoke,Small,0.691725,1,484,0.1027777777777778,1.0,1,0.0,1,1,2,1,1
UA,TUL,DEN,Mainline,Hub-to-Hub,Medium,0.47212502,1,780,0.2094444444444444,1.0,1,1.0,4,1,1,1,1
OO,AGS,ATL,Regional,Hub-to-Spoke,Small,0.6232747,5,810,0.1655555555555555,1.0,1,0.0,3,1,1,1,2
MQ,SBP,PHX,Regional,Hub-to-Spoke,Small,0.544676,1,407,0.4666666666666667,1.0,1,1.0,3,1,1,1,3
AA,JAC,DFW,Mainline,Hub-to-Spoke,Small,0.5625921,1,363,0.4166666666666667,1.0,1,0.0,3,1,1,1,3
MQ,VPS,DFW,Regional,Hub-to-Spoke,Small,0.53193945,1,451,0.3027777777777777,1.0,1,0.0,2,1,1,1,1
G4,TOL,PGD,ULCC,Spoke-to-Spoke,Small,0.5596289,1,506,0.2333333333333333,1.0,1,1.0,3,1,1,1,2
MQ,SBP,PHX,Regional,Hub-to-Spoke,Small,0.50516546,1,407,0.4333333333333333,1.0,1,1.0,1,1,1,1,2
HA,ITO,HNL,Mainline,Hub-to-Spoke,Small,0.42391315,5,350,0.2579979360165118,1.0,1,1.0,1,1,1,1,2
9E,MGM,ATL,Regional,Hub-to-Spoke,Small,0.70453817,1,534,0.1722222222222222,1.0,1,1.0,3,1,1,1,2
OO,RDM,SFO,Regional,Hub-to-Spoke,Small,0.55506545,3,777,0.2138888888888888,1.0,1,0.0,2,1,1,1,3
OO,LBB,DFW,Regional,Hub-to-Spoke,Small,0.63356704,0,370,0.2766666666666666,1.0,1,0.0,3,1,3,1,1
G4,FNT,SFB,ULCC,Spoke-to-Spoke,Small,0.600871,1,477,0.3666666666666666,1.0,1,0.0,3,1,1,1,3
HA,LIH,HNL,Mainline,Hub-to-Hub,Medium,0.55192304,12,511,0.2910235899366334,1.0,1,1.0,3,1,1,1,5
DL,LEX,ATL,Mainline,Hub-to-Spoke,Small,0.57673347,1,282,0.1283333333333333,1.0,1,0.0,1,1,1,1,3
B6,STT,SJU,LCC,Hub-to-Spoke,Small,0.5009195,1,380,0.2333333333333333,1.0,1,0.0,2,1,1,1,3
AS,FAI,SEA,Mainline,Hub-to-Spoke,Small,0.33838263,3,1090,0.18,1.0,1,0.0,1,1,1,1,3
NK,ACY,FLL,ULCC,Hub-to-Spoke,Small,0.5850935,1,523,0.5166666666666667,1.0,1,0.0,2,1,1,1,1
OO,AGS,ATL,Regional,Hub-to-Spoke,Small,0.51983726,2,720,0.2466666666666666,1.0,1,0.0,3,1,1,1,2
HA,ITO,HNL,Mainline,Hub-to-Spoke,Small,0.43101028,7,450,0.2330521155830753,1.0,1,0.0,2,1,1,1,1
MQ,HSV,DFW,Regional,Hub-to-Spoke,Small,0.65108246,3,480,0.1919047619047619,1.0,1,0.0,2,1,1,1,3
OO,ASE,DEN,Regional,Hub-to-Spoke,Small,0.6607122,2,330,0.3084126984126983,1.0,1,1.0,3,1,1,1,1
9E,BTV,JFK,Regional,Hub-to-Spoke,Small,0.5044837,1,816,0.1577777777777777,1.0,1,0.0,2,1,1,1,1
MQ,BRO,DFW,Regional,Hub-to-Spoke,Small,0.70861256,1,462,0.1888888888888888,1.0,1,1.0,3,1,1,1,1
MQ,LFT,DFW,Regional,Hub-to-Spoke,Small,0.6568344,1,496,0.1533333333333333,1.0,1,1.0,3,1,1,1,2
OO,SAF,DFW,Regional,Hub-to-Spoke,Small,0.7637817,2,484,0.1111111111111111,1.0,1,1.0,2,1,1,1,4
HA,ITO,HNL,Mainline,Hub-to-Spoke,Small,0.42016488,5,349,0.2629626762985896,1.0,1,1.0,1,1,1,1,1
HA,LIH,HNL,Mainline,Hub-to-Hub,Medium,0.55090946,12,511,0.3351690325946618,1.0,1,1.0,12,1,1,1,12
OO,MLI,ORD,Regional,Hub-to-Spoke,Small,0.69790286,1,481,0.1755555555555555,1.0,1,0.0,1,1,1,1,3
AA,ELP,DFW,Mainline,Hub-to-Hub,Medium,0.48064426,0,116,0.2216666666666666,1.0,1,0.0,2,1,1,1,1
OO,ICT,IAH,Regional,Hub-to-Spoke,Small,0.7050439,0,439,0.2,1.0,1,0.0,2,1,1,1,1
OH,SHV,DFW,Regional,Hub-to-Spoke,Small,0.7075652,1,516,0.2157142857142857,1.0,1,0.0,3,1,1,1,4
DL,GSP,ATL,Mainline,Hub-to-Hub,Medium,0.5502393,0,75,0.0993518518518518,1.0,1,0.0,2,1,2,1,1
OO,SBA,SFO,Regional,Hub-to-Spoke,Small,0.66741,1,492,0.3027777777777777,1.0,1,0.0,4,1,1,1,2
WN,MHT,BWI,LCC,Hub-to-Spoke,Small,0.50623894,2,380,0.2383333333333333,1.0,1,0.0,3,1,1,1,2
OO,SBA,SFO,Regional,Hub-to-Spoke,Small,0.6402976,1,492,0.3194444444444444,1.0,1,0.0,4,1,1,1,3
OO,COS,DEN,Regional,Hub-to-Spoke,Small,0.7451794,2,196,0.188073038073038,1.0,1,0.0,2,1,1,1,1
OO,SBA,SFO,Regional,Hub-to-Spoke,Small,0.5672663,1,492,0.3416666666666667,1.0,1,0.0,3,1,2,1,4
B6,PVD,MCO,LCC,Hub-to-Hub,Medium,0.52840805,0,120,0.2461111111111111,1.0,1,1.0,2,1,1,1,1
OO,SBA,SFO,Regional,Hub-to-Spoke,Small,0.63100004,1,492,0.35,1.0,1,0.0,2,1,1,1,2
G4,SCK,LAS,ULCC,Hub-to-Spoke,NonHub,0.63019395,1,410,0.5333333333333333,1.0,1,0.0,3,1,1,1,1
OO,MGM,ATL,Regional,Hub-to-Spoke,Small,0.57369685,2,780,0.2305555555555555,1.0,1,0.0,3,1,1,1,1
WN,COS,DEN,LCC,Hub-to-Spoke,Small,0.49452838,2,530,0.1825174825174825,1.0,1,1.0,2,1,1,1,1
B6,SYR,MCO,LCC,Hub-to-Spoke,Small,0.56087476,0,0,0.2888888888888888,1.0,1,1.0,3,1,1,1,1
MQ,TLH,MIA,Regional,Hub-to-Spoke,Small,0.68383616,1,503,0.2111111111111111,1.0,1,0.0,2,1,1,1,3
AA,VPS,CLT,Mainline,Hub-to-Spoke,Small,0.5336444,1,360,0.2722222222222222,1.0,1,0.0,2,1,1,1,1
UA,BIL,DEN,Mainline,Hub-to-Spoke,Small,0.685591,0,264,0.1416666666666666,1.0,1,0.0,2,1,3,1,1
OO,ASE,DEN,Regional,Hub-to-Spoke,Small,0.55598074,5,679,0.2138888888888888,1.0,1,0.0,2,1,1,1,1
WN,KOA,HNL,LCC,Hub-to-Hub,Medium,0.4435039,3,515,0.2982338917121526,1.0,1,0.0,1,1,1,1,2
MQ,ICT,DFW,Regional,Hub-to-Spoke,Small,0.5171489,0,148,0.2306349206349206,1.0,1,1.0,2,1,2,1,2
MQ,ICT,DFW,Regional,Hub-to-Spoke,Small,0.6934875,0,148,0.2417460317460317,1.0,1,0.0,3,1,2,1,3
HA,ITO,HNL,Mainline,Hub-to-Spoke,Small,0.4949009,10,680,0.2376436188510492,1.0,1,0.0,4,1,1,1,3
G4,SRQ,CVG,ULCC,Hub-to-Spoke,Small,0.5521435,0,379,0.3333333333333333,1.0,1,1.0,2,1,2,1,3
HA,ITO,HNL,Mainline,Hub-to-Spoke,Small,0.45891708,13,780,0.2380793486985437,1.0,1,0.0,1,1,1,1,2
OO,SAF,DFW,Regional,Hub-to-Spoke,Small,0.6834105,2,535,0.1166666666666666,1.0,1,1.0,3,1,1,1,2
9E,GSO,LGA,Regional,Hub-to-Spoke,Small,0.66312486,0,30,0.0689682539682539,1.0,1,0.0,1,1,1,1,1
G4,SCK,LAS,ULCC,Hub-to-Spoke,NonHub,0.70869243,1,410,0.5833333333333334,1.0,1,1.0,3,1,1,1,1
AA,MFE,DFW,Mainline,Hub-to-Spoke,Small,0.55410624,2,461,0.1733333333333333,1.0,1,0.0,3,1,1,1,1
HA,LIH,HNL,Mainline,Hub-to-Hub,Medium,0.3512705,11,480,0.2500809021895978,1.0,1,0.0,2,1,1,1,2
MQ,XNA,DFW,Regional,Hub-to-Spoke,Small,0.4787508,3,274,0.2015873015873016,1.0,1,1.0,3,1,1,1,1
MQ,ICT,DFW,Regional,Hub-to-Spoke,Small,0.56162065,1,144,0.2625396825396825,1.0,1,0.0,2,1,1,1,1
YX,ACK,LGA,Regional,Hub-to-Spoke,Small,0.6427194,1,370,0.175,1.0,1,1.0,1,1,1,1,2
9E,CHO,LGA,Regional,Hub-to-Spoke,Small,0.60444635,1,391,0.055,1.0,1,1.0,2,1,1,1,2
MQ,TLH,MIA,Regional,Hub-to-Spoke,Small,0.69527185,1,504,0.2277777777777777,1.0,1,1.0,3,1,1,1,1
9E,CHO,LGA,Regional,Hub-to-Spoke,Small,0.76515526,1,391,0.09,1.0,1,0.0,1,1,1,1,1
MQ,TLH,MIA,Regional,Hub-to-Spoke,Small,0.6773139,1,504,0.25,1.0,1,0.0,2,1,2,1,3
MQ,CRP,DFW,Regional,Hub-to-Spoke,Small,0.6258211,3,507,0.1493650793650793,1.0,1,1.0,1,1,1,1,4
B6,PSE,MCO,LCC,Hub-to-Spoke,Small,0.44013837,0,1036,0.3888888888888889,1.0,1,0.0,2,1,2,1,1
B6,STT,SJU,LCC,Hub-to-Spoke,Small,0.4468562,0,432,0.4333333333333333,1.0,1,1.0,3,1,1,1,3
DL,TLH,ATL,Mainline,Hub-to-Spoke,Small,0.5575945,1,283,0.0955555555555555,1.0,1,1.0,2,1,1,1,1
OO,MSO,DEN,Regional,Hub-to-Spoke,Small,0.4733147,1,504,0.1916666666666666,1.0,1,1.0,2,1,1,1,1
WN,RNO,LAS,LCC,Hub-to-Hub,Medium,0.5758093,7,470,0.2433669108669108,1.0,1,0.0,1,1,1,1,10
B6,ACK,BOS,LCC,Hub-to-Spoke,Small,0.5969951,0,271,0.2166666666666666,1.0,1,1.0,1,1,2,1,3
HA,ITO,HNL,Mainline,Hub-to-Spoke,Small,0.58144253,7,350,0.1739353285173718,1.0,1,1.0,2,1,1,1,1
OH,DAY,CLT,Regional,Hub-to-Spoke,Small,0.601242,1,325,0.1083333333333333,1.0,1,1.0,2,1,1,1,3
9E,MLU,ATL,Regional,Hub-to-Spoke,Small,0.5659656,1,447,0.2277777777777777,1.0,1,0.0,1,1,1,1,1
OO,PSP,DEN,Regional,Hub-to-Hub,Medium,0.55820584,0,340,0.3388888888888888,1.0,1,0.0,2,1,2,1,1
MQ,AMA,DFW,Regional,Hub-to-Spoke,Small,0.73567456,2,392,0.2551587301587302,1.0,1,1.0,3,1,1,1,4
AA,ELP,DFW,Mainline,Hub-to-Hub,Medium,0.4990549,1,394,0.2851190476190476,1.0,1,1.0,1,1,1,1,3
AA,TUS,DFW,Mainline,Hub-to-Hub,Medium,0.45055872,1,407,0.25,1.0,1,1.0,3,1,1,1,3
OO,GRB,ORD,Regional,Hub-to-Spoke,Small,0.6103315,1,196,0.1305555555555555,1.0,1,1.0,1,1,1,1,1
DL,GNV,ATL,Mainline,Hub-to-Spoke,Small,0.5556097,2,297,0.2016666666666667,1.0,1,1.0,1,1,1,1,1
G4,PGD,AVL,ULCC,Spoke-to-Spoke,Small,0.587912,0,221,0.2666666666666666,1.0,1,1.0,3,1,1,1,3
OO,PSP,DEN,Regional,Hub-to-Hub,Medium,0.5765696,0,343,0.3683333333333333,1.0,1,1.0,2,1,2,1,2
OO,ATW,MSP,Regional,Hub-to-Spoke,Small,0.5832124,0,395,0.1222222222222222,1.0,1,0.0,1,1,3,1,1
OO,BIL,DEN,Regional,Hub-to-Spoke,Small,0.6459388,0,507,0.2833333333333333,1.0,1,0.0,1,1,3,1,2
WN,HRL,HOU,LCC,Hub-to-Spoke,Small,0.6105061,1,400,0.1277777777777778,1.0,1,1.0,1,1,1,1,2
YX,BGR,EWR,Regional,Hub-to-Spoke,Small,0.5067048,0,380,0.2611111111111111,1.0,1,1.0,3,1,3,1,1
B6,PSE,MCO,LCC,Hub-to-Spoke,Small,0.50401884,0,987,0.45,1.0,1,1.0,2,1,2,1,2
OO,ASE,DFW,Regional,Hub-to-Spoke,Small,0.5883787,3,515,0.3355555555555555,1.0,1,0.0,3,1,1,1,3
MQ,BRO,DFW,Regional,Hub-to-Spoke,Small,0.7313349,1,481,0.1283333333333333,1.0,1,0.0,2,1,1,1,1
B6,PSE,MCO,LCC,Hub-to-Spoke,Small,0.50404215,0,987,0.4611111111111111,1.0,1,1.0,3,1,1,1,4
AA,FAT,PHX,Mainline,Hub-to-Spoke,Small,0.503645,1,382,0.2361111111111111,1.0,1,1.0,1,1,2,1,1
AA,AMA,DFW,Mainline,Hub-to-Spoke,Small,0.508726,1,765,0.2354761904761904,1.0,1,0.0,1,1,1,1,3
OO,MGM,ATL,Regional,Hub-to-Spoke,Small,0.60774416,2,776,0.2027777777777777,1.0,1,0.0,3,1,1,1,2
WN,ISP,MCO,LCC,Hub-to-Spoke,Small,0.46882722,0,415,0.5555555555555555,1.0,1,0.0,4,1,3,1,2
OO,SHV,DFW,Regional,Hub-to-Spoke,Small,0.6879173,2,519,0.2211111111111111,1.0,1,1.0,2,1,1,1,5
B6,STT,SJU,LCC,Hub-to-Spoke,Small,0.5617995,1,420,0.6166666666666667,1.0,1,1.0,3,1,1,1,5
AS,FAI,SEA,Mainline,Hub-to-Spoke,Small,0.31245553,5,1105,0.119047619047619,1.0,1,0.0,1,1,1,1,3
F9,STT,SJU,ULCC,Hub-to-Spoke,Small,0.5575463,0,373,0.6166666666666667,1.0,1,0.0,2,1,2,1,1
OH,PIA,CLT,Regional,Hub-to-Spoke,Small,0.6694992,0,148,0.2,1.0,1,0.0,1,1,3,1,2
OO,RDD,SFO,Regional,Hub-to-Spoke,Small,0.6258818,1,268,0.1666666666666666,1.0,1,1.0,1,1,1,1,1
DL,BTR,ATL,Mainline,Hub-to-Spoke,Small,0.5886105,2,508,0.1683333333333333,1.0,1,0.0,1,1,1,1,2
B6,ACK,JFK,LCC,Hub-to-Spoke,Small,0.4846917,1,341,0.3666666666666666,1.0,1,1.0,1,1,1,1,1
9E,EVV,ATL,Regional,Hub-to-Spoke,Small,0.5348258,2,780,0.1611111111111111,1.0,1,0.0,2,1,1,1,3
MQ,LBB,DFW,Regional,Hub-to-Spoke,Small,0.49704942,2,163,0.1569444444444444,1.0,1,1.0,3,1,1,1,2
F9,STT,SJU,ULCC,Hub-to-Spoke,Small,0.50000787,0,373,0.7,1.0,1,0.0,5,1,2,1,4
OO,PIA,ORD,Regional,Hub-to-Spoke,Small,0.6261016,1,486,0.2333333333333333,1.0,1,1.0,3,1,1,1,1
OO,DAY,ORD,Regional,Hub-to-Spoke,Small,0.6659163,1,329,0.1883333333333333,1.0,1,1.0,1,1,1,1,3
F9,STT,SJU,ULCC,Hub-to-Spoke,Small,0.4911337,0,388,0.6833333333333333,1.0,1,1.0,2,1,2,1,3
OH,TYS,CLT,Regional,Hub-to-Hub,Medium,0.66897607,3,465,0.2547619047619047,1.0,1,0.0,1,1,1,1,1
OO,GJT,DEN,Regional,Hub-to-Spoke,Small,0.64057046,1,224,0.3833333333333333,1.0,1,1.0,3,1,1,1,1
B6,BQN,MCO,LCC,Hub-to-Spoke,Small,0.5962542,1,1021,0.5277777777777778,1.0,1,0.0,1,1,1,1,4
OO,DRO,DFW,Regional,Hub-to-Spoke,Small,0.5469198,2,514,0.1055555555555555,1.0,1,0.0,1,1,1,1,1
OO,PIA,ORD,Regional,Hub-to-Spoke,Small,0.56985277,1,486,0.2333333333333333,1.0,1,1.0,2,1,1,1,1
DL,GSP,ATL,Mainline,Hub-to-Hub,Medium,0.506728,1,245,0.1703571428571428,1.0,1,0.0,4,1,1,1,1
OH,GSP,CLT,Regional,Hub-to-Hub,Medium,0.5425154,1,366,0.1658730158730158,1.0,1,0.0,3,1,1,1,3
G4,AVL,FLL,ULCC,Hub-to-Spoke,Small,0.5365798,1,403,0.4166666666666667,1.0,1,1.0,3,1,1,1,3
OO,GJT,DEN,Regional,Hub-to-Spoke,Small,0.4426421,1,224,0.2833333333333333,1.0,1,0.0,2,1,1,1,2
WN,BLI,LAS,LCC,Hub-to-Spoke,Small,0.49557623,0,310,0.2333333333333333,1.0,1,1.0,3,1,2,1,1
OO,LIT,ORD,Regional,Hub-to-Hub,Medium,0.6829158,0,462,0.2444444444444444,1.0,1,0.0,3,1,4,1,3
NK,ACY,FLL,ULCC,Hub-to-Spoke,Small,0.5165109,1,529,0.3666666666666666,1.0,1,0.0,2,1,1,1,1
OO,SBN,ORD,Regional,Hub-to-Spoke,Small,0.65526813,2,347,0.1325396825396825,1.0,1,1.0,1,1,1,1,1
MQ,ROC,ORD,Regional,Hub-to-Hub,Medium,0.50694335,0,434,0.2488888888888888,1.0,1,0.0,3,1,4,1,1
DL,GNV,ATL,Mainline,Hub-to-Spoke,Small,0.5692763,3,519,0.1388888888888889,1.0,1,0.0,2,1,1,1,1
OO,GRK,DFW,Regional,Hub-to-Spoke,Small,0.7789305,1,515,0.1622222222222222,1.0,1,0.0,3,1,2,1,3
WN,GEG,DEN,LCC,Hub-to-Hub,Medium,0.4293371,1,465,0.1388888888888888,1.0,1,1.0,1,1,1,1,3
OH,CAE,CLT,Regional,Hub-to-Spoke,Small,0.760276,3,365,0.1333333333333333,1.0,1,0.0,1,1,1,1,1
F9,BDL,MCO,ULCC,Hub-to-Hub,Medium,0.5924355,0,462,0.3346031746031746,1.0,1,0.0,1,1,3,1,1
OO,LFT,IAH,Regional,Hub-to-Spoke,Small,0.63029826,0,300,0.1833333333333333,1.0,1,0.0,3,1,3,1,2
B6,STT,SJU,LCC,Hub-to-Spoke,Small,0.5764031,0,210,0.45,1.0,1,1.0,1,1,1,1,3
OO,SCE,ORD,Regional,Hub-to-Spoke,Small,0.7153754,3,495,0.12,1.0,1,1.0,2,1,1,1,3
HA,ITO,HNL,Mainline,Hub-to-Spoke,Small,0.58267844,12,780,0.0389198486412108,1.0,1,0.0,1,1,1,1,3
OO,FLG,PHX,Regional,Hub-to-Spoke,Small,0.755106,2,517,0.1111111111111111,1.0,1,0.0,1,1,1,1,1
AA,COS,DFW,Mainline,Hub-to-Spoke,Small,0.58174956,0,244,0.1666666666666666,1.0,1,0.0,1,1,1,1,3
MQ,ICT,DFW,Regional,Hub-to-Spoke,Small,0.696928,1,153,0.1200396825396825,1.0,1,1.0,2,1,1,1,1
G4,AZA,PVU,ULCC,Spoke-to-Spoke,Small,0.6127918,1,198,0.35,1.0,1,1.0,2,1,1,1,1
OO,FSD,ORD,Regional,Hub-to-Spoke,Small,0.5937079,0,450,0.1455555555555555,1.0,1,0.0,1,1,2,1,1
NK,ACY,FLL,ULCC,Hub-to-Spoke,Small,0.6381084,1,515,0.2333333333333333,1.0,1,1.0,4,1,1,1,3
9E,CHA,ATL,Regional,Hub-to-Spoke,Small,0.6749878,0,165,0.0904761904761904,1.0,1,0.0,3,1,1,1,3
G4,AZA,PVU,ULCC,Spoke-to-Spoke,Small,0.58755815,1,198,0.3555555555555555,1.0,1,0.0,2,1,1,1,2
